observation_id,product_id,run_id,scraped_at,current_price,original_price,currency,availability_status,rating,review_count,rating_distribution,seller_name,extraction_status
158322714380_20260926T172059,158322714380,run_20260926_172020,2026-09-26T17:20:59Z,139.99,,USD,in_stock,,,,,success
157565598569_20260926T172106,157565598569,run_20260926_172020,2026-09-26T17:21:06Z,370.99,,USD,in_stock,,,,,success
157961156406_20260926T172117,157961156406,run_20260926_172020,2026-09-26T17:21:17Z,278.99,,USD,in_stock,,,,,success
267796499678_20260926T174338,267796499678,run_20260926_174311,2026-09-26T17:43:38Z,84.78,,USD,in_stock,,,,,success
407247695397_20260926T174346,407247695397,run_20260926_174311,2026-09-26T17:43:46Z,152.33,,USD,in_stock,,,,,success
128100226695_20260926T174352,128100226695,run_20260926_174311,2026-09-26T17:43:52Z,291.3,,USD,in_stock,,,,,success
158344114821_20260926T174359,158344114821,run_20260926_174311,2026-09-26T17:43:59Z,238.43,,USD,in_stock,,,,,success
128100219250_20260926T174406,128100219250,run_20260926_174311,2026-09-26T17:44:06Z,397.28,,USD,in_stock,,,,,success
117432864943_20260926T174413,117432864943,run_20260926_174311,2026-09-26T17:44:13Z,18.0,,USD,in_stock,,,,,success
128100222734_20260926T174420,128100222734,run_20260926_174311,2026-09-26T17:44:20Z,370.78,,USD,in_stock,,,,,success
327375633880_20260926T174427,327375633880,run_20260926_174311,2026-09-26T17:44:27Z,79.48,,USD,in_stock,,,,,success
128100237049_20260926T174434,128100237049,run_20260926_174311,2026-09-26T17:44:34Z,178.7,,USD,in_stock,,,,,success
128100248246_20260926T174441,128100248246,run_20260926_174311,2026-09-26T17:44:41Z,264.81,,USD,in_stock,,,,,success
800719355887_20260926T174447,800719355887,run_20260926_174311,2026-09-26T17:44:47Z,330.29,,USD,in_stock,,,,,success
327375620514_20260926T174454,327375620514,run_20260926_174311,2026-09-26T17:44:54Z,99.35,,USD,in_stock,,,,,success
237092189720_20260926T174501,237092189720,run_20260926_174311,2026-09-26T17:45:01Z,370.92,,USD,in_stock,,,,,success
128100243482_20260926T174507,128100243482,run_20260926_174311,2026-09-26T17:45:07Z,264.81,,USD,in_stock,,,,,success
128100234821_20260926T174521,128100234821,run_20260926_174311,2026-09-26T17:45:21Z,178.7,,USD,in_stock,,,,,success
128100240072_20260926T174527,128100240072,run_20260926_174311,2026-09-26T17:45:27Z,264.81,,USD,in_stock,,,,,success
257767303733_20260926T174534,257767303733,run_20260926_174311,2026-09-26T17:45:34Z,52.99,,USD,in_stock,,,,,success
128100242014_20260926T174541,128100242014,run_20260926_174311,2026-09-26T17:45:41Z,264.81,,USD,in_stock,,,,,success
128100249921_20260926T174548,128100249921,run_20260926_174311,2026-09-26T17:45:48Z,264.81,,USD,in_stock,,,,,success
327375621542_20260926T174554,327375621542,run_20260926_174311,2026-09-26T17:45:54Z,86.11,,USD,in_stock,,,,,success
407247661086_20260926T174600,407247661086,run_20260926_174311,2026-09-26T17:46:00Z,264.93,,USD,in_stock,,,,,success
158344165048_20260926T174607,158344165048,run_20260926_174311,2026-09-26T17:46:07Z,165.57,,USD,in_stock,,,,,success
117432864825_20260926T174614,117432864825,run_20260926_174311,2026-09-26T17:46:14Z,145.72,,USD,in_stock,,,,,success
178530504414_20260926T174620,178530504414,run_20260926_174311,2026-09-26T17:46:20Z,264.94,,USD,in_stock,,,,,success
178530504414_20260926T180609,178530504414,run_20260926_180533,2026-09-26T18:06:09Z,264.94,,USD,in_stock,,,,,success
407247695397_20260926T180616,407247695397,run_20260926_180533,2026-09-26T18:06:16Z,152.33,,USD,in_stock,,,,,success
117432864943_20260926T180622,117432864943,run_20260926_180533,2026-09-26T18:06:22Z,18.0,,USD,in_stock,,,,,success
257767319259_20260926T180629,257767319259,run_20260926_180533,2026-09-26T18:06:29Z,556.37,,USD,in_stock,,,,,success
128100226695_20260926T180636,128100226695,run_20260926_180533,2026-09-26T18:06:36Z,291.3,,USD,in_stock,,,,,success
800719362632_20260926T180642,800719362632,run_20260926_180533,2026-09-26T18:06:42Z,95.38,,USD,in_stock,,,,,success
158344165048_20260926T180650,158344165048,run_20260926_180533,2026-09-26T18:06:50Z,165.57,,USD,in_stock,,,,,success
128100248246_20260926T180656,128100248246,run_20260926_180533,2026-09-26T18:06:56Z,264.81,,USD,in_stock,,,,,success
128100234821_20260926T180703,128100234821,run_20260926_180533,2026-09-26T18:07:03Z,178.7,,USD,in_stock,,,,,success
257767303733_20260926T180711,257767303733,run_20260926_180533,2026-09-26T18:07:11Z,52.99,,USD,in_stock,,,,,success
407247718959_20260926T180718,407247718959,run_20260926_180533,2026-09-26T18:07:18Z,165.57,,USD,in_stock,,,,,success
128100243482_20260926T180732,128100243482,run_20260926_180533,2026-09-26T18:07:32Z,264.81,,USD,in_stock,,,,,success
267796499678_20260926T180739,267796499678,run_20260926_180533,2026-09-26T18:07:39Z,84.78,,USD,in_stock,,,,,success
407247739620_20260926T180745,407247739620,run_20260926_180533,2026-09-26T18:07:45Z,291.42,,USD,in_stock,,,,,success
800719373712_20260926T180752,800719373712,run_20260926_180533,2026-09-26T18:07:52Z,1024.05,,USD,in_stock,,,,,success
298709310521_20260926T180758,298709310521,run_20260926_180533,2026-09-26T18:07:58Z,204.0,,USD,in_stock,,,,,success
128100240072_20260926T180805,128100240072,run_20260926_180533,2026-09-26T18:08:05Z,264.81,,USD,in_stock,,,,,success
128100237049_20260926T180812,128100237049,run_20260926_180533,2026-09-26T18:08:12Z,178.7,,USD,in_stock,,,,,success
128100249921_20260926T180819,128100249921,run_20260926_180533,2026-09-26T18:08:19Z,264.81,,USD,in_stock,,,,,success
128100242014_20260926T180826,128100242014,run_20260926_180533,2026-09-26T18:08:26Z,264.81,,USD,in_stock,,,,,success
407247661086_20260926T180833,407247661086,run_20260926_180533,2026-09-26T18:08:33Z,264.93,,USD,in_stock,,,,,success
327375633880_20260926T180840,327375633880,run_20260926_180533,2026-09-26T18:08:40Z,79.48,,USD,in_stock,,,,,success
158344235069_20260926T180847,158344235069,run_20260926_180533,2026-09-26T18:08:47Z,245.07,,USD,in_stock,,,,,success
117432864825_20260926T180854,117432864825,run_20260926_180533,2026-09-26T18:08:54Z,145.72,,USD,in_stock,,,,,success
158306524436_20260927T173522,158306524436,e2e_test_20260927_173434,2026-09-27T17:35:22Z,640.99,,USD,in_stock,,,,,success
158222161205_20260927T173529,158222161205,e2e_test_20260927_173434,2026-09-27T17:35:29Z,426.99,,USD,in_stock,,,,,success
158322714380_20260927T173536,158322714380,e2e_test_20260927_173434,2026-09-27T17:35:36Z,139.99,,USD,in_stock,,,,,success
