product_id,product_name,brand,category,product_url,model_number,description,primary_image_url,specifications,first_seen_at,last_updated_at
158322714380,"HP Probook 450 G4 15.6"" Laptop i5-7200U 8GB Ram 256GB SSD No OS",HP,Laptops,https://www.ebay.com/itm/158322714380,,,https://i.ebayimg.com/images/g/2mYAAeSwY5BqttDM/s-l1600.jpg,,2026-09-26T17:20:59Z,2026-09-26T17:20:59Z
157565598569,"Lenovo Thinkpad X13 Yoga G2 13"" Laptop Intel Core i5-1135G7 16GB 256GB SSD W11P",Lenovo,Laptops,https://www.ebay.com/itm/157565598569,,,https://i.ebayimg.com/images/g/a38AAeSwiMJqts-S/s-l1600.jpg,,2026-09-26T17:21:06Z,2026-09-26T17:21:06Z
157961156406,"HP Elitebook 840 G5 14"" Laptop Intel Core i5-8350U 8GB 256GB SSD Windows 11 Pro",HP,Laptops,https://www.ebay.com/itm/157961156406,,,https://i.ebayimg.com/images/g/UesAAeSwuhlqtYEL/s-l1600.jpg,,2026-09-26T17:21:17Z,2026-09-26T17:21:17Z
267796499678,Compaq Presario CQ71 17.3” Laptop Pentium T4300 4GB 500GB Linux Mint 22.3,Compaq,Laptops,https://www.ebay.com/itm/267796499678,,,https://i.ebayimg.com/images/g/My4AAeSwWIxqkAHF/s-l1600.jpg,,2026-09-26T17:43:38Z,2026-09-26T18:08:54Z
407247695397,Stone Stonebook Pro P125B Laptop i5-1235U 12th Gen 8GB DDR4 128GB SSD Win 11 Pro,StoneBook Prp P125B,Laptops,https://www.ebay.com/itm/407247695397,,,https://i.ebayimg.com/images/g/tPIAAeSwOJNquABC/s-l1600.jpg,,2026-09-26T17:43:46Z,2026-09-26T18:08:54Z
128100226695,Dell Latitude E6430s 14'' Laptop Intel i5-3320M 4GB RAM 120 GB SSD Windows11 Pro,Dell,Laptops,https://www.ebay.com/itm/128100226695,,,https://i.ebayimg.com/images/g/21AAAeSwqNZqt~rR/s-l1600.png,,2026-09-26T17:43:52Z,2026-09-26T18:08:54Z
158344114821,"HP ProBook 450 G8 15.6"" FHD Intel i5-1135G7 12GB RAM 256GB SSD Windows 11 Pro",HP,Laptops,https://www.ebay.com/itm/158344114821,,,https://i.ebayimg.com/images/g/1YkAAeSw0mVqt~X0/s-l1600.jpg,,2026-09-26T17:43:59Z,2026-09-26T17:43:59Z
128100219250,Dell Latitude E6440 14'' Laptop Intel i5-4310M 8GB RAM 320 GB SSD Windows 11 Pro,Dell,Laptops,https://www.ebay.com/itm/128100219250,,,https://i.ebayimg.com/images/g/b5YAAeSw3i1qt~kR/s-l1600.png,,2026-09-26T17:44:06Z,2026-09-26T17:44:06Z
117432864943,Apple Ibook G3 M6497 600MHz 128 GB Of RAM (No Charger ) Boots Works See Photos,Apple,Laptops,https://www.ebay.com/itm/117432864943,,,https://i.ebayimg.com/images/g/jrwAAeSwi6Rqt~2m/s-l1600.jpg,,2026-09-26T17:44:13Z,2026-09-26T18:08:54Z
128100222734,Dell Latitude E6440 14'' Laptop Intel i5-4310M 12GB RAM 120GB SSD Windows 11 Pro,Dell,Laptops,https://www.ebay.com/itm/128100222734,,,https://i.ebayimg.com/images/g/wvcAAeSwSHNqt~oU/s-l1600.png,,2026-09-26T17:44:20Z,2026-09-26T17:44:20Z
327375633880,Geo LincPlus P1 14'' Laptop Windows 11 SSD BT Webcam Wifi Office Cheap,LincPlus,Laptops,https://www.ebay.com/itm/327375633880,,,https://i.ebayimg.com/images/g/n6AAAeSwPKBqt~xk/s-l1600.png,,2026-09-26T17:44:27Z,2026-09-26T18:08:54Z
128100237049,Clevo W550SU 15.6'' Laptop Intel Core i5-4210M 4GB RAM 120GB SSD Windows 11 Pro,CLEVO,Laptops,https://www.ebay.com/itm/128100237049,,,https://i.ebayimg.com/images/g/egAAAeSwVvlqt~4P/s-l1600.png,,2026-09-26T17:44:34Z,2026-09-26T18:08:54Z
128100248246,Toshiba Satellite C650 15.6'' Laptop Intel Celeron T3300 4GB 120GB SSD Win11 Pro,Toshiba,Laptops,https://www.ebay.com/itm/128100248246,,,https://i.ebayimg.com/images/g/nZAAAeSwNjpquAHa/s-l1600.png,,2026-09-26T17:44:41Z,2026-09-26T18:08:54Z
800719355887,LIBREBOOT Thinkpad X230 CUSTOM ORDER,Lenovo,Laptops,https://www.ebay.com/itm/800719355887,,,https://i.ebayimg.com/images/g/kyUAAeSwdK5qgupK/s-l1600.jpg,,2026-09-26T17:44:47Z,2026-09-26T17:44:47Z
327375620514,Iota 2320 Quad 14'' Laptop Windows 11 SSD BT Webcam Wifi Office Boxed Cheap,IOTA,Laptops,https://www.ebay.com/itm/327375620514,,,https://i.ebayimg.com/images/g/HRYAAeSw0S1qt~dL/s-l1600.png,,2026-09-26T17:44:54Z,2026-09-26T17:44:54Z
237092189720,"Microsoft Surface Pro 8 1983 Touchscren 16GB RAM 256GB SSD, CORE i5 , WIN 11 PRO",Microsoft,Laptops,https://www.ebay.com/itm/237092189720,,,https://i.ebayimg.com/images/g/vZoAAeSwoOtqt~kS/s-l1600.jpg,,2026-09-26T17:45:01Z,2026-09-26T17:45:01Z
128100243482,Toshiba Satellite Pro C850 15.6'' Laptop Intel Core i5-3230M 4GB 120GB SSD Win11,Toshiba,Laptops,https://www.ebay.com/itm/128100243482,,,https://i.ebayimg.com/images/g/hXUAAeSwt1ZquAB7/s-l1600.png,,2026-09-26T17:45:07Z,2026-09-26T18:08:54Z
128100234821,Fujitsu Lifebook A532 15.6'' Laptop Intel Core i3-3120M 4GB 120GB SSD Win11 Pro,Fujitsu,Laptops,https://www.ebay.com/itm/128100234821,,,https://i.ebayimg.com/images/g/Xm4AAeSwmbxqt~xH/s-l1600.png,,2026-09-26T17:45:21Z,2026-09-26T18:08:54Z
128100240072,Toshiba Satellite R830 13.3'' Laptop Intel Core i3-2350M 8GB 120GB SSD Win11 Pro,Toshiba,Laptops,https://www.ebay.com/itm/128100240072,,,https://i.ebayimg.com/images/g/eiAAAeSwWw1qt~7U/s-l1600.png,,2026-09-26T17:45:27Z,2026-09-26T18:08:54Z
257767303733,HP EliteBook 840 G3 Laptop 14-inch Intel I5 16GB RAM No SSD. No Charger,HP,Laptops,https://www.ebay.com/itm/257767303733,,,https://i.ebayimg.com/images/g/A0sAAeSwpDFqt~yj/s-l1600.jpg,,2026-09-26T17:45:34Z,2026-09-26T18:08:54Z
128100242014,Toshiba Satellite Pro C660D 15.6'' Laptop AMD E-350 4GB RAM 120GB SSD Win11 Pro,Toshiba,Laptops,https://www.ebay.com/itm/128100242014,,,https://i.ebayimg.com/images/g/nf0AAeSw9shqt~~q/s-l1600.png,,2026-09-26T17:45:41Z,2026-09-26T18:08:54Z
128100249921,Asus K53U 15.6'' Laptop AMD E-450 4GB RAM 120GB SSD Windows 11 Pro,ASUS,Laptops,https://www.ebay.com/itm/128100249921,,,https://i.ebayimg.com/images/g/jCEAAeSw6wBquAKv/s-l1600.png,,2026-09-26T17:45:48Z,2026-09-26T18:08:54Z
327375621542,EGL 14'' Laptop Linux SSD BT Webcam Wifi Office Boxed 8h Battery Cheap,EGL,Laptops,https://www.ebay.com/itm/327375621542,,,https://i.ebayimg.com/images/g/O7EAAeSwnSNp93DW/s-l1600.png,,2026-09-26T17:45:54Z,2026-09-26T17:45:54Z
407247661086,ASUS Vivobook 15 X1502ZA 15.6” FHD i3-1220P 8GB RAM 256GB NVME Win 11 Pro,ASUS,Laptops,https://www.ebay.com/itm/407247661086,,,https://i.ebayimg.com/images/g/c38AAeSw1E5qt~qA/s-l1600.jpg,,2026-09-26T17:46:00Z,2026-09-26T18:08:54Z
158344165048,"HP 250 G8 15.6"" Laptop Intel Core i5-1035G1 8GB RAM 256GB SSD Windows 11 Pro",HP,Laptops,https://www.ebay.com/itm/158344165048,,,https://i.ebayimg.com/images/g/GSgAAeSwjsBqt~x-/s-l1600.jpg,,2026-09-26T17:46:07Z,2026-09-26T18:08:54Z
117432864825,Dell XPS 15 9560 i5 15.6 Inch Notebook. Silver 1.5tb HDD,Dell,Laptops,https://www.ebay.com/itm/117432864825,,,https://i.ebayimg.com/images/g/9ZoAAeSw5WFqt~38/s-l1600.jpg,,2026-09-26T17:46:14Z,2026-09-26T18:08:54Z
178530504414,Acer Chromebook Spin 314 8GB 128GB OS ChromeOS 14” display. Mint condition ,Acer,Laptops,https://www.ebay.com/itm/178530504414,,,https://i.ebayimg.com/images/g/9cgAAeSwevpqt~7w/s-l1600.jpg,,2026-09-26T17:46:20Z,2026-09-26T18:08:54Z
257767319259,HP 255 G10 Laptop – Ryzen 5 7530U / 8GB RAM / 512GB SSD – Excellent Condition,HP,Laptops,https://www.ebay.com/itm/257767319259,,,https://i.ebayimg.com/images/g/9KMAAeSwUudquAOC/s-l1600.jpg,,2026-09-26T18:06:29Z,2026-09-26T18:06:29Z
800719362632,"14"" Dell Latitude E6420 Core i5-2520M 2.5GHz 8GB 500GB HDD Windows 7 Pro",Dell,Laptops,https://www.ebay.com/itm/800719362632,,,https://i.ebayimg.com/images/g/mXEAAeSwJOVqt~y3/s-l1600.png,,2026-09-26T18:06:42Z,2026-09-26T18:06:42Z
407247718959,"HP Pavilion x360 14-dh0525sa 14"" Touchscreen i5-8265U 8GB DDR4 128GB SSD Win 11",HP,Laptops,https://www.ebay.com/itm/407247718959,,,https://i.ebayimg.com/images/g/MY0AAeSwsfJquARG/s-l1600.jpg,,2026-09-26T18:07:18Z,2026-09-26T18:07:18Z
407247739620,Lenovo V14 G3 14” FHD Core i5-1235U 12th Gen 16GB RAM 256GB NVMe Win 11 Pro,Lenovo,Laptops,https://www.ebay.com/itm/407247739620,,,https://i.ebayimg.com/images/g/6KUAAeSw9shquAg5/s-l1600.jpg,,2026-09-26T18:07:45Z,2026-09-26T18:07:45Z
800719373712,ASUS ROG Strix G15 G513IM - Ryzen 7 4800H / RTX 3060 + 4 Presents 🎁 With It,Unknown,Laptops,https://www.ebay.com/itm/800719373712,,,https://i.ebayimg.com/images/g/WCAAAeSw8f5quAMc/s-l1600.jpg,,2026-09-26T18:07:52Z,2026-09-26T18:07:52Z
298709310521,"Dell XPS 13 9305 laptop, sold strictly for spares or repair.",Dell,Laptops,https://www.ebay.com/itm/298709310521,,,https://i.ebayimg.com/images/g/8DIAAeSwhkhquAV5/s-l1600.jpg,,2026-09-26T18:07:58Z,2026-09-26T18:07:58Z
158344235069,"Lenovo IdeaPad Slim 3 15IAN8 N100 4GB  Ram 128GB SSD 15"" W11 100%BH",Lenovo,Laptops,https://www.ebay.com/itm/158344235069,,,https://i.ebayimg.com/images/g/v08AAeSw8lpqt~pl/s-l1600.jpg,,2026-09-26T18:08:47Z,2026-09-26T18:08:47Z
